task,locked_feature_id,locked_feature_name,locked_HMDB,locked_KEGG,locked_mz,locked_RT,locked_adduct,locked_coefficient,st001000_feature_id,st001000_feature_name,st001000_HMDB,st001000_KEGG,st001000_mz,st001000_RT,st001000_adduct,match_type,match_confidence,matched_yes_no,unmatched_reason,manual_review_yes_no,included_in_projection,source_locked_model_file,source_st001000_file,notes
nonIBD vs IBD,HILp_QI1332,,,,137.0955,1.84,,-0.1458024956606849,,,,,,,,unmatched,not_applicable,no,feature_absent_in_ST001000,no,False,<PROJECT_ROOT>\Trajectory Modeling\IBD_EMSA_v1\IBD_EMSA_v1_model_coefficients_or_loadings.csv,,"No same-platform candidate within mz_tolerance=max(10.0 ppm,0.01 Da) and rt_tolerance=0.3 min."
nonIBD vs IBD,C18n_QI10504,,,,510.3222,11.89,,0.1296584281688421,C18-neg_Cluster_1648,510.322_11.73,,,510.322,11.73,,m/z_RT_adduct,medium,yes,,no,True,<PROJECT_ROOT>\Trajectory Modeling\IBD_EMSA_v1\IBD_EMSA_v1_model_coefficients_or_loadings.csv,<PROJECT_ROOT>\Data\外部验证数据\代谢组外部队列验证数据\ST001000\ST001000_metabolomics\ST001000_AN001880_Results.txt,unique_candidate; same-platform m/z/RT match; adduct unavailable locally; mz_tolerance_ppm=10.0; rt_tolerance_min=0.3
nonIBD vs IBD,HILp_TF15,pyridoxine,HMDB00239,,170.0815,5.94,,0.1231582706131909,170.0804_5.92,170.0804_5.92,,,170.0804,5.92,,m/z_RT_adduct,medium,yes,,no,True,<PROJECT_ROOT>\Trajectory Modeling\IBD_EMSA_v1\IBD_EMSA_v1_model_coefficients_or_loadings.csv,<PROJECT_ROOT>\Data\外部验证数据\代谢组外部队列验证数据\ST001000\ST001000_metabolomics\ST001000_AN001878_Results.txt,unique_candidate; same-platform m/z/RT match; adduct unavailable locally; mz_tolerance_ppm=10.0; rt_tolerance_min=0.3
nonIBD vs IBD,C18n_QI35,arachidonate,HMDB01043,,303.2333,13.93,,0.121260244594222,,,,,,,,unmatched,not_applicable,no,feature_absent_in_ST001000,no,False,<PROJECT_ROOT>\Trajectory Modeling\IBD_EMSA_v1\IBD_EMSA_v1_model_coefficients_or_loadings.csv,,"No same-platform candidate within mz_tolerance=max(10.0 ppm,0.01 Da) and rt_tolerance=0.3 min."
nonIBD vs IBD,C18n_QI10930,,,,524.302,10.34,,0.1133306893363446,C18-neg_Cluster_1718,524.3011_10.22,,,524.3011,10.22,,m/z_RT_adduct,medium,yes,,no,True,<PROJECT_ROOT>\Trajectory Modeling\IBD_EMSA_v1\IBD_EMSA_v1_model_coefficients_or_loadings.csv,<PROJECT_ROOT>\Data\外部验证数据\代谢组外部队列验证数据\ST001000\ST001000_metabolomics\ST001000_AN001880_Results.txt,unique_candidate; same-platform m/z/RT match; adduct unavailable locally; mz_tolerance_ppm=10.0; rt_tolerance_min=0.3
nonIBD vs IBD,HILp_QI3932,,,,198.0754,4.07,,-0.1132075713335137,,,,,,,,unmatched,not_applicable,no,feature_absent_in_ST001000,no,False,<PROJECT_ROOT>\Trajectory Modeling\IBD_EMSA_v1\IBD_EMSA_v1_model_coefficients_or_loadings.csv,,"No same-platform candidate within mz_tolerance=max(10.0 ppm,0.01 Da) and rt_tolerance=0.3 min."
nonIBD vs IBD,HILp_QI13176,,,,455.188,5.83,,-0.1110496937822912,455.1867_5.95,455.1867_5.95,,,455.1867,5.95,,m/z_RT_adduct,medium,yes,,no,True,<PROJECT_ROOT>\Trajectory Modeling\IBD_EMSA_v1\IBD_EMSA_v1_model_coefficients_or_loadings.csv,<PROJECT_ROOT>\Data\外部验证数据\代谢组外部队列验证数据\ST001000\ST001000_metabolomics\ST001000_AN001878_Results.txt,unique_candidate; same-platform m/z/RT match; adduct unavailable locally; mz_tolerance_ppm=10.0; rt_tolerance_min=0.3
nonIBD vs IBD,C18n_QI10987,,,,526.3171,10.34,,0.1104248295113176,,,,,,,,unmatched,not_applicable,no,feature_absent_in_ST001000,no,False,<PROJECT_ROOT>\Trajectory Modeling\IBD_EMSA_v1\IBD_EMSA_v1_model_coefficients_or_loadings.csv,,"No same-platform candidate within mz_tolerance=max(10.0 ppm,0.01 Da) and rt_tolerance=0.3 min."
nonIBD vs IBD,HILp_QI12815,,,,439.1654,2.83,,0.1089445327464727,,,,,,,,unmatched,not_applicable,no,feature_absent_in_ST001000,no,False,<PROJECT_ROOT>\Trajectory Modeling\IBD_EMSA_v1\IBD_EMSA_v1_model_coefficients_or_loadings.csv,,"No same-platform candidate within mz_tolerance=max(10.0 ppm,0.01 Da) and rt_tolerance=0.3 min."
nonIBD vs IBD,HILp_QI6458,,,,254.1492,6.05,,0.10677678153486,,,,,,,,unmatched,not_applicable,no,feature_absent_in_ST001000,no,False,<PROJECT_ROOT>\Trajectory Modeling\IBD_EMSA_v1\IBD_EMSA_v1_model_coefficients_or_loadings.csv,,"No same-platform candidate within mz_tolerance=max(10.0 ppm,0.01 Da) and rt_tolerance=0.3 min."
nonIBD vs IBD,HILp_QI22759,,,,641.9086,9.36,,-0.1041722864232517,,,,,,,,unmatched,not_applicable,no,feature_absent_in_ST001000,no,False,<PROJECT_ROOT>\Trajectory Modeling\IBD_EMSA_v1\IBD_EMSA_v1_model_coefficients_or_loadings.csv,,"No same-platform candidate within mz_tolerance=max(10.0 ppm,0.01 Da) and rt_tolerance=0.3 min."
nonIBD vs IBD,C18n_QI709,,,,150.0549,1.03,,0.1023478207081251,,,,,,,,unmatched,not_applicable,no,feature_absent_in_ST001000,no,False,<PROJECT_ROOT>\Trajectory Modeling\IBD_EMSA_v1\IBD_EMSA_v1_model_coefficients_or_loadings.csv,,"No same-platform candidate within mz_tolerance=max(10.0 ppm,0.01 Da) and rt_tolerance=0.3 min."
nonIBD vs IBD,HILp_QI23185,,,,656.4145,8.86,,-0.1008239433486578,,,,,,,,unmatched,not_applicable,no,feature_absent_in_ST001000,no,False,<PROJECT_ROOT>\Trajectory Modeling\IBD_EMSA_v1\IBD_EMSA_v1_model_coefficients_or_loadings.csv,,"No same-platform candidate within mz_tolerance=max(10.0 ppm,0.01 Da) and rt_tolerance=0.3 min."
nonIBD vs IBD,HILn_QI5076,,,,280.1403,2.53,,-0.09986357627592374,,,,,,,,unmatched,not_applicable,no,feature_absent_in_ST001000,no,False,<PROJECT_ROOT>\Trajectory Modeling\IBD_EMSA_v1\IBD_EMSA_v1_model_coefficients_or_loadings.csv,,"No same-platform candidate within mz_tolerance=max(10.0 ppm,0.01 Da) and rt_tolerance=0.3 min."
nonIBD vs IBD,HILn_QI1594,,,,152.0354,4.16,,0.09850781541518021,,,,,,,,unmatched,not_applicable,no,feature_absent_in_ST001000,no,False,<PROJECT_ROOT>\Trajectory Modeling\IBD_EMSA_v1\IBD_EMSA_v1_model_coefficients_or_loadings.csv,,"No same-platform candidate within mz_tolerance=max(10.0 ppm,0.01 Da) and rt_tolerance=0.3 min."
nonIBD vs IBD,HILn_QI2948,,,,317.0785,4.07,,-0.09292388127531305,,,,,,,,unmatched,not_applicable,no,feature_absent_in_ST001000,no,False,<PROJECT_ROOT>\Trajectory Modeling\IBD_EMSA_v1\IBD_EMSA_v1_model_coefficients_or_loadings.csv,,"No same-platform candidate within mz_tolerance=max(10.0 ppm,0.01 Da) and rt_tolerance=0.3 min."
nonIBD vs IBD,HILp_QI12132,,,,412.2855,5.24,,-0.09205661691603291,,,,,,,,unmatched,not_applicable,no,feature_absent_in_ST001000,no,False,<PROJECT_ROOT>\Trajectory Modeling\IBD_EMSA_v1\IBD_EMSA_v1_model_coefficients_or_loadings.csv,,"No same-platform candidate within mz_tolerance=max(10.0 ppm,0.01 Da) and rt_tolerance=0.3 min."
nonIBD vs IBD,C18n_QI1325,,,,194.0451,1.03,,0.08612752344495493,,,,,,,,unmatched,not_applicable,no,feature_absent_in_ST001000,no,False,<PROJECT_ROOT>\Trajectory Modeling\IBD_EMSA_v1\IBD_EMSA_v1_model_coefficients_or_loadings.csv,,"No same-platform candidate within mz_tolerance=max(10.0 ppm,0.01 Da) and rt_tolerance=0.3 min."
nonIBD vs IBD,HILp_QI18579,,,,572.0304,14.68,,0.08606643801737604,,,,,,,,unmatched,not_applicable,no,feature_absent_in_ST001000,no,False,<PROJECT_ROOT>\Trajectory Modeling\IBD_EMSA_v1\IBD_EMSA_v1_model_coefficients_or_loadings.csv,,"No same-platform candidate within mz_tolerance=max(10.0 ppm,0.01 Da) and rt_tolerance=0.3 min."
nonIBD vs IBD,C8p_QI28914,,,,982.2367,3.93,,-0.0849722660746698,,,,,,,,unmatched,not_applicable,no,feature_absent_in_ST001000,no,False,<PROJECT_ROOT>\Trajectory Modeling\IBD_EMSA_v1\IBD_EMSA_v1_model_coefficients_or_loadings.csv,,"No same-platform candidate within mz_tolerance=max(10.0 ppm,0.01 Da) and rt_tolerance=0.3 min."
nonIBD vs IBD,HILp_QI19479,,,,584.66,8.78,,-0.08452679137286985,,,,,,,,unmatched,not_applicable,no,feature_absent_in_ST001000,no,False,<PROJECT_ROOT>\Trajectory Modeling\IBD_EMSA_v1\IBD_EMSA_v1_model_coefficients_or_loadings.csv,,"No same-platform candidate within mz_tolerance=max(10.0 ppm,0.01 Da) and rt_tolerance=0.3 min."
nonIBD vs IBD,HILn_QI20568,,,,335.1699,1.07,,-0.08416506927745711,,,,,,,,unmatched,not_applicable,no,feature_absent_in_ST001000,no,False,<PROJECT_ROOT>\Trajectory Modeling\IBD_EMSA_v1\IBD_EMSA_v1_model_coefficients_or_loadings.csv,,"No same-platform candidate within mz_tolerance=max(10.0 ppm,0.01 Da) and rt_tolerance=0.3 min."
nonIBD vs IBD,C18n_QI13827,,,,815.5686,7.27,,0.08372742238953988,,,,,,,,unmatched,not_applicable,no,feature_absent_in_ST001000,no,False,<PROJECT_ROOT>\Trajectory Modeling\IBD_EMSA_v1\IBD_EMSA_v1_model_coefficients_or_loadings.csv,,"No same-platform candidate within mz_tolerance=max(10.0 ppm,0.01 Da) and rt_tolerance=0.3 min."
nonIBD vs IBD,HILp_QI24573,,,,714.0478,9.84,,0.08338118714254539,,,,,,,,unmatched,not_applicable,no,feature_absent_in_ST001000,no,False,<PROJECT_ROOT>\Trajectory Modeling\IBD_EMSA_v1\IBD_EMSA_v1_model_coefficients_or_loadings.csv,,"No same-platform candidate within mz_tolerance=max(10.0 ppm,0.01 Da) and rt_tolerance=0.3 min."
nonIBD vs IBD,HILn_QI2242,,,,194.046,3.93,,0.08325827025129429,,,,,,,,unmatched,not_applicable,no,feature_absent_in_ST001000,no,False,<PROJECT_ROOT>\Trajectory Modeling\IBD_EMSA_v1\IBD_EMSA_v1_model_coefficients_or_loadings.csv,,"No same-platform candidate within mz_tolerance=max(10.0 ppm,0.01 Da) and rt_tolerance=0.3 min."
CD vs nonIBD,HILp_QI1332,,,,137.0955,1.84,,-0.1596078614769561,,,,,,,,unmatched,not_applicable,no,feature_absent_in_ST001000,no,False,<PROJECT_ROOT>\Trajectory Modeling\IBD_EMSA_v1\IBD_EMSA_v1_model_coefficients_or_loadings.csv,,"No same-platform candidate within mz_tolerance=max(10.0 ppm,0.01 Da) and rt_tolerance=0.3 min."
CD vs nonIBD,C18n_QI35,arachidonate,HMDB01043,,303.2333,13.93,,0.1201702603836413,,,,,,,,unmatched,not_applicable,no,feature_absent_in_ST001000,no,False,<PROJECT_ROOT>\Trajectory Modeling\IBD_EMSA_v1\IBD_EMSA_v1_model_coefficients_or_loadings.csv,,"No same-platform candidate within mz_tolerance=max(10.0 ppm,0.01 Da) and rt_tolerance=0.3 min."
CD vs nonIBD,HILp_QI23185,,,,656.4145,8.86,,-0.1120115704907604,,,,,,,,unmatched,not_applicable,no,feature_absent_in_ST001000,no,False,<PROJECT_ROOT>\Trajectory Modeling\IBD_EMSA_v1\IBD_EMSA_v1_model_coefficients_or_loadings.csv,,"No same-platform candidate within mz_tolerance=max(10.0 ppm,0.01 Da) and rt_tolerance=0.3 min."
CD vs nonIBD,HILp_QI6458,,,,254.1492,6.05,,0.1081541838146797,,,,,,,,unmatched,not_applicable,no,feature_absent_in_ST001000,no,False,<PROJECT_ROOT>\Trajectory Modeling\IBD_EMSA_v1\IBD_EMSA_v1_model_coefficients_or_loadings.csv,,"No same-platform candidate within mz_tolerance=max(10.0 ppm,0.01 Da) and rt_tolerance=0.3 min."
CD vs nonIBD,C18n_QI10504,,,,510.3222,11.89,,0.1068470505367871,C18-neg_Cluster_1648,510.322_11.73,,,510.322,11.73,,m/z_RT_adduct,medium,yes,,no,True,<PROJECT_ROOT>\Trajectory Modeling\IBD_EMSA_v1\IBD_EMSA_v1_model_coefficients_or_loadings.csv,<PROJECT_ROOT>\Data\外部验证数据\代谢组外部队列验证数据\ST001000\ST001000_metabolomics\ST001000_AN001880_Results.txt,unique_candidate; same-platform m/z/RT match; adduct unavailable locally; mz_tolerance_ppm=10.0; rt_tolerance_min=0.3
CD vs nonIBD,HILp_TF15,pyridoxine,HMDB00239,,170.0815,5.94,,0.1055462399395081,170.0804_5.92,170.0804_5.92,,,170.0804,5.92,,m/z_RT_adduct,medium,yes,,no,True,<PROJECT_ROOT>\Trajectory Modeling\IBD_EMSA_v1\IBD_EMSA_v1_model_coefficients_or_loadings.csv,<PROJECT_ROOT>\Data\外部验证数据\代谢组外部队列验证数据\ST001000\ST001000_metabolomics\ST001000_AN001878_Results.txt,unique_candidate; same-platform m/z/RT match; adduct unavailable locally; mz_tolerance_ppm=10.0; rt_tolerance_min=0.3
CD vs nonIBD,HILn_QI4049,,,,321.1351,3.23,,-0.1048923304808628,,,,,,,,unmatched,not_applicable,no,feature_absent_in_ST001000,no,False,<PROJECT_ROOT>\Trajectory Modeling\IBD_EMSA_v1\IBD_EMSA_v1_model_coefficients_or_loadings.csv,,"No same-platform candidate within mz_tolerance=max(10.0 ppm,0.01 Da) and rt_tolerance=0.3 min."
CD vs nonIBD,HILn_QI5076,,,,280.1403,2.53,,-0.1020699751538449,,,,,,,,unmatched,not_applicable,no,feature_absent_in_ST001000,no,False,<PROJECT_ROOT>\Trajectory Modeling\IBD_EMSA_v1\IBD_EMSA_v1_model_coefficients_or_loadings.csv,,"No same-platform candidate within mz_tolerance=max(10.0 ppm,0.01 Da) and rt_tolerance=0.3 min."
CD vs nonIBD,HILp_QI22759,,,,641.9086,9.36,,-0.1015362450174312,,,,,,,,unmatched,not_applicable,no,feature_absent_in_ST001000,no,False,<PROJECT_ROOT>\Trajectory Modeling\IBD_EMSA_v1\IBD_EMSA_v1_model_coefficients_or_loadings.csv,,"No same-platform candidate within mz_tolerance=max(10.0 ppm,0.01 Da) and rt_tolerance=0.3 min."
CD vs nonIBD,HILp_QI2238,,,,158.0807,3.72,,-0.1002676643216094,,,,,,,,unmatched,not_applicable,no,feature_absent_in_ST001000,no,False,<PROJECT_ROOT>\Trajectory Modeling\IBD_EMSA_v1\IBD_EMSA_v1_model_coefficients_or_loadings.csv,,"No same-platform candidate within mz_tolerance=max(10.0 ppm,0.01 Da) and rt_tolerance=0.3 min."
CD vs nonIBD,HILp_QI3932,,,,198.0754,4.07,,-0.09918485855166843,,,,,,,,unmatched,not_applicable,no,feature_absent_in_ST001000,no,False,<PROJECT_ROOT>\Trajectory Modeling\IBD_EMSA_v1\IBD_EMSA_v1_model_coefficients_or_loadings.csv,,"No same-platform candidate within mz_tolerance=max(10.0 ppm,0.01 Da) and rt_tolerance=0.3 min."
CD vs nonIBD,HILn_QI33297,,,,415.1796,5.87,,0.09840744622881517,,,,,,,,unmatched,not_applicable,no,feature_absent_in_ST001000,no,False,<PROJECT_ROOT>\Trajectory Modeling\IBD_EMSA_v1\IBD_EMSA_v1_model_coefficients_or_loadings.csv,,"No same-platform candidate within mz_tolerance=max(10.0 ppm,0.01 Da) and rt_tolerance=0.3 min."
CD vs nonIBD,HILp_QI24573,,,,714.0478,9.84,,0.09739773853578955,,,,,,,,unmatched,not_applicable,no,feature_absent_in_ST001000,no,False,<PROJECT_ROOT>\Trajectory Modeling\IBD_EMSA_v1\IBD_EMSA_v1_model_coefficients_or_loadings.csv,,"No same-platform candidate within mz_tolerance=max(10.0 ppm,0.01 Da) and rt_tolerance=0.3 min."
CD vs nonIBD,HILp_QI12914,,,,443.2298,6.1,,-0.09463425064093182,443.2268_6.04,443.2268_6.04,,,443.2268,6.04,,m/z_RT_adduct,medium,yes,,no,True,<PROJECT_ROOT>\Trajectory Modeling\IBD_EMSA_v1\IBD_EMSA_v1_model_coefficients_or_loadings.csv,<PROJECT_ROOT>\Data\外部验证数据\代谢组外部队列验证数据\ST001000\ST001000_metabolomics\ST001000_AN001878_Results.txt,unique_candidate; same-platform m/z/RT match; adduct unavailable locally; mz_tolerance_ppm=10.0; rt_tolerance_min=0.3
CD vs nonIBD,HILp_QI11286,,,,375.2622,8.71,,0.0944516890085847,,,,,,,,unmatched,not_applicable,no,feature_absent_in_ST001000,no,False,<PROJECT_ROOT>\Trajectory Modeling\IBD_EMSA_v1\IBD_EMSA_v1_model_coefficients_or_loadings.csv,,"No same-platform candidate within mz_tolerance=max(10.0 ppm,0.01 Da) and rt_tolerance=0.3 min."
CD vs nonIBD,HILn_QI28647,,,,247.0414,5.3,,-0.09376834424273858,,,,,,,,unmatched,not_applicable,no,feature_absent_in_ST001000,no,False,<PROJECT_ROOT>\Trajectory Modeling\IBD_EMSA_v1\IBD_EMSA_v1_model_coefficients_or_loadings.csv,,"No same-platform candidate within mz_tolerance=max(10.0 ppm,0.01 Da) and rt_tolerance=0.3 min."
CD vs nonIBD,HILp_QI19298,,,,581.6232,9.48,,-0.09247423812364944,,,,,,,,unmatched,not_applicable,no,feature_absent_in_ST001000,no,False,<PROJECT_ROOT>\Trajectory Modeling\IBD_EMSA_v1\IBD_EMSA_v1_model_coefficients_or_loadings.csv,,"No same-platform candidate within mz_tolerance=max(10.0 ppm,0.01 Da) and rt_tolerance=0.3 min."
CD vs nonIBD,HILn_QI8817,,,,467.302,3.43,,-0.08996033914282289,,,,,,,,unmatched,not_applicable,no,feature_absent_in_ST001000,no,False,<PROJECT_ROOT>\Trajectory Modeling\IBD_EMSA_v1\IBD_EMSA_v1_model_coefficients_or_loadings.csv,,"No same-platform candidate within mz_tolerance=max(10.0 ppm,0.01 Da) and rt_tolerance=0.3 min."
CD vs nonIBD,C18n_QI10987,,,,526.3171,10.34,,0.08883560775642746,,,,,,,,unmatched,not_applicable,no,feature_absent_in_ST001000,no,False,<PROJECT_ROOT>\Trajectory Modeling\IBD_EMSA_v1\IBD_EMSA_v1_model_coefficients_or_loadings.csv,,"No same-platform candidate within mz_tolerance=max(10.0 ppm,0.01 Da) and rt_tolerance=0.3 min."
CD vs nonIBD,HILn_QI2948,,,,317.0785,4.07,,-0.08813748698886328,,,,,,,,unmatched,not_applicable,no,feature_absent_in_ST001000,no,False,<PROJECT_ROOT>\Trajectory Modeling\IBD_EMSA_v1\IBD_EMSA_v1_model_coefficients_or_loadings.csv,,"No same-platform candidate within mz_tolerance=max(10.0 ppm,0.01 Da) and rt_tolerance=0.3 min."
CD vs nonIBD,C8p_QI27327,,,,878.5852,9.18,,0.08723415963194386,C8-pos_Cluster_2145,878.5864_9.08,,,878.5864,9.08,,m/z_RT_adduct,medium,yes,,no,True,<PROJECT_ROOT>\Trajectory Modeling\IBD_EMSA_v1\IBD_EMSA_v1_model_coefficients_or_loadings.csv,<PROJECT_ROOT>\Data\外部验证数据\代谢组外部队列验证数据\ST001000\ST001000_metabolomics\ST001000_AN001881_Results.txt,unique_candidate; same-platform m/z/RT match; adduct unavailable locally; mz_tolerance_ppm=10.0; rt_tolerance_min=0.3
CD vs nonIBD,HILp_QI23899,,,,679.2647,10.78,,0.08692772441714347,,,,,,,,unmatched,not_applicable,no,feature_absent_in_ST001000,no,False,<PROJECT_ROOT>\Trajectory Modeling\IBD_EMSA_v1\IBD_EMSA_v1_model_coefficients_or_loadings.csv,,"No same-platform candidate within mz_tolerance=max(10.0 ppm,0.01 Da) and rt_tolerance=0.3 min."
CD vs nonIBD,HILp_QI12234,,,,416.2783,2.27,,0.08630066583681659,,,,,,,,unmatched,not_applicable,no,feature_absent_in_ST001000,no,False,<PROJECT_ROOT>\Trajectory Modeling\IBD_EMSA_v1\IBD_EMSA_v1_model_coefficients_or_loadings.csv,,"No same-platform candidate within mz_tolerance=max(10.0 ppm,0.01 Da) and rt_tolerance=0.3 min."
CD vs nonIBD,HILn_QI3392,,,,395.0079,1.43,,-0.08617853672272617,395.0065_1.5,395.0065_1.5,,,395.0065,1.5,,m/z_RT_adduct,medium,yes,,no,True,<PROJECT_ROOT>\Trajectory Modeling\IBD_EMSA_v1\IBD_EMSA_v1_model_coefficients_or_loadings.csv,<PROJECT_ROOT>\Data\外部验证数据\代谢组外部队列验证数据\ST001000\ST001000_metabolomics\ST001000_AN001879_Results.txt,unique_candidate; same-platform m/z/RT match; adduct unavailable locally; mz_tolerance_ppm=10.0; rt_tolerance_min=0.3
CD vs nonIBD,HILn_QI4795,,,,287.1244,6.4,,0.08553922544399564,,,,,,,,unmatched,not_applicable,no,feature_absent_in_ST001000,no,False,<PROJECT_ROOT>\Trajectory Modeling\IBD_EMSA_v1\IBD_EMSA_v1_model_coefficients_or_loadings.csv,,"No same-platform candidate within mz_tolerance=max(10.0 ppm,0.01 Da) and rt_tolerance=0.3 min."
UC vs nonIBD,HILp_QI12815,,,,439.1654,2.83,,0.1469101365785034,,,,,,,,unmatched,not_applicable,no,feature_absent_in_ST001000,no,False,<PROJECT_ROOT>\Trajectory Modeling\IBD_EMSA_v1\IBD_EMSA_v1_model_coefficients_or_loadings.csv,,"No same-platform candidate within mz_tolerance=max(10.0 ppm,0.01 Da) and rt_tolerance=0.3 min."
UC vs nonIBD,C18n_QI10930,,,,524.302,10.34,,0.1282845661922735,C18-neg_Cluster_1718,524.3011_10.22,,,524.3011,10.22,,m/z_RT_adduct,medium,yes,,no,True,<PROJECT_ROOT>\Trajectory Modeling\IBD_EMSA_v1\IBD_EMSA_v1_model_coefficients_or_loadings.csv,<PROJECT_ROOT>\Data\外部验证数据\代谢组外部队列验证数据\ST001000\ST001000_metabolomics\ST001000_AN001880_Results.txt,unique_candidate; same-platform m/z/RT match; adduct unavailable locally; mz_tolerance_ppm=10.0; rt_tolerance_min=0.3
UC vs nonIBD,C18n_QI10504,,,,510.3222,11.89,,0.1185463577216083,C18-neg_Cluster_1648,510.322_11.73,,,510.322,11.73,,m/z_RT_adduct,medium,yes,,no,True,<PROJECT_ROOT>\Trajectory Modeling\IBD_EMSA_v1\IBD_EMSA_v1_model_coefficients_or_loadings.csv,<PROJECT_ROOT>\Data\外部验证数据\代谢组外部队列验证数据\ST001000\ST001000_metabolomics\ST001000_AN001880_Results.txt,unique_candidate; same-platform m/z/RT match; adduct unavailable locally; mz_tolerance_ppm=10.0; rt_tolerance_min=0.3
UC vs nonIBD,HILp_QI15737,,,,528.3334,3.33,,0.1170304572494385,528.3294_3.26,528.3294_3.26,,,528.3294,3.26,,m/z_RT_adduct,medium,yes,,no,True,<PROJECT_ROOT>\Trajectory Modeling\IBD_EMSA_v1\IBD_EMSA_v1_model_coefficients_or_loadings.csv,<PROJECT_ROOT>\Data\外部验证数据\代谢组外部队列验证数据\ST001000\ST001000_metabolomics\ST001000_AN001878_Results.txt,unique_candidate; same-platform m/z/RT match; adduct unavailable locally; mz_tolerance_ppm=10.0; rt_tolerance_min=0.3
UC vs nonIBD,C18n_QI1325,,,,194.0451,1.03,,0.1168891665146695,,,,,,,,unmatched,not_applicable,no,feature_absent_in_ST001000,no,False,<PROJECT_ROOT>\Trajectory Modeling\IBD_EMSA_v1\IBD_EMSA_v1_model_coefficients_or_loadings.csv,,"No same-platform candidate within mz_tolerance=max(10.0 ppm,0.01 Da) and rt_tolerance=0.3 min."
UC vs nonIBD,C18n_QI709,,,,150.0549,1.03,,0.1165727442767399,,,,,,,,unmatched,not_applicable,no,feature_absent_in_ST001000,no,False,<PROJECT_ROOT>\Trajectory Modeling\IBD_EMSA_v1\IBD_EMSA_v1_model_coefficients_or_loadings.csv,,"No same-platform candidate within mz_tolerance=max(10.0 ppm,0.01 Da) and rt_tolerance=0.3 min."
UC vs nonIBD,C18n_QI35,arachidonate,HMDB01043,,303.2333,13.93,,0.1123498515738459,,,,,,,,unmatched,not_applicable,no,feature_absent_in_ST001000,no,False,<PROJECT_ROOT>\Trajectory Modeling\IBD_EMSA_v1\IBD_EMSA_v1_model_coefficients_or_loadings.csv,,"No same-platform candidate within mz_tolerance=max(10.0 ppm,0.01 Da) and rt_tolerance=0.3 min."
UC vs nonIBD,C18n_QI10987,,,,526.3171,10.34,,0.1116736580759653,,,,,,,,unmatched,not_applicable,no,feature_absent_in_ST001000,no,False,<PROJECT_ROOT>\Trajectory Modeling\IBD_EMSA_v1\IBD_EMSA_v1_model_coefficients_or_loadings.csv,,"No same-platform candidate within mz_tolerance=max(10.0 ppm,0.01 Da) and rt_tolerance=0.3 min."
UC vs nonIBD,HILp_QI2874,gabapentin,HMDB05015,,172.1336,7.02,,0.1047932887696015,,,,,,,,unmatched,not_applicable,no,feature_absent_in_ST001000,no,False,<PROJECT_ROOT>\Trajectory Modeling\IBD_EMSA_v1\IBD_EMSA_v1_model_coefficients_or_loadings.csv,,"No same-platform candidate within mz_tolerance=max(10.0 ppm,0.01 Da) and rt_tolerance=0.3 min."
UC vs nonIBD,HILp_QI2095,,,,155.0534,3.84,,0.104709734112565,,,,,,,,unmatched,not_applicable,no,feature_absent_in_ST001000,no,False,<PROJECT_ROOT>\Trajectory Modeling\IBD_EMSA_v1\IBD_EMSA_v1_model_coefficients_or_loadings.csv,,"No same-platform candidate within mz_tolerance=max(10.0 ppm,0.01 Da) and rt_tolerance=0.3 min."
UC vs nonIBD,HILn_QI1594,,,,152.0354,4.16,,0.1044555111125639,,,,,,,,unmatched,not_applicable,no,feature_absent_in_ST001000,no,False,<PROJECT_ROOT>\Trajectory Modeling\IBD_EMSA_v1\IBD_EMSA_v1_model_coefficients_or_loadings.csv,,"No same-platform candidate within mz_tolerance=max(10.0 ppm,0.01 Da) and rt_tolerance=0.3 min."
UC vs nonIBD,HILn_QI2242,,,,194.046,3.93,,0.1014499839666112,,,,,,,,unmatched,not_applicable,no,feature_absent_in_ST001000,no,False,<PROJECT_ROOT>\Trajectory Modeling\IBD_EMSA_v1\IBD_EMSA_v1_model_coefficients_or_loadings.csv,,"No same-platform candidate within mz_tolerance=max(10.0 ppm,0.01 Da) and rt_tolerance=0.3 min."
UC vs nonIBD,C18n_QI1326,,,,194.0452,0.8,,0.1006712946322181,,,,,,,,unmatched,not_applicable,no,feature_absent_in_ST001000,no,False,<PROJECT_ROOT>\Trajectory Modeling\IBD_EMSA_v1\IBD_EMSA_v1_model_coefficients_or_loadings.csv,,"No same-platform candidate within mz_tolerance=max(10.0 ppm,0.01 Da) and rt_tolerance=0.3 min."
UC vs nonIBD,HILp_QI3816,,,,196.0609,2.81,,0.09621532100764608,196.0599_2.95,196.0599_2.95,,,196.0599,2.95,,m/z_RT_adduct,medium,yes,,no,True,<PROJECT_ROOT>\Trajectory Modeling\IBD_EMSA_v1\IBD_EMSA_v1_model_coefficients_or_loadings.csv,<PROJECT_ROOT>\Data\外部验证数据\代谢组外部队列验证数据\ST001000\ST001000_metabolomics\ST001000_AN001878_Results.txt,unique_candidate; same-platform m/z/RT match; adduct unavailable locally; mz_tolerance_ppm=10.0; rt_tolerance_min=0.3
UC vs nonIBD,HILp_QI8712,,,,302.0539,2.17,,0.09459874373313,302.0521_2.21,302.0521_2.21,,,302.0521,2.21,,m/z_RT_adduct,medium,yes,,no,True,<PROJECT_ROOT>\Trajectory Modeling\IBD_EMSA_v1\IBD_EMSA_v1_model_coefficients_or_loadings.csv,<PROJECT_ROOT>\Data\外部验证数据\代谢组外部队列验证数据\ST001000\ST001000_metabolomics\ST001000_AN001878_Results.txt,unique_candidate; same-platform m/z/RT match; adduct unavailable locally; mz_tolerance_ppm=10.0; rt_tolerance_min=0.3
UC vs nonIBD,HILp_QI2044,,,,154.0502,3.83,,0.09315822433905405,154.0494_3.98,154.0494_3.98,,,154.0494,3.98,,m/z_RT_adduct,medium,yes,,no,True,<PROJECT_ROOT>\Trajectory Modeling\IBD_EMSA_v1\IBD_EMSA_v1_model_coefficients_or_loadings.csv,<PROJECT_ROOT>\Data\外部验证数据\代谢组外部队列验证数据\ST001000\ST001000_metabolomics\ST001000_AN001878_Results.txt,unique_candidate; same-platform m/z/RT match; adduct unavailable locally; mz_tolerance_ppm=10.0; rt_tolerance_min=0.3
UC vs nonIBD,C8p_QI12386,,,,502.2949,3.41,,-0.09198685472832269,,,,,,,,unmatched,not_applicable,no,feature_absent_in_ST001000,no,False,<PROJECT_ROOT>\Trajectory Modeling\IBD_EMSA_v1\IBD_EMSA_v1_model_coefficients_or_loadings.csv,,"No same-platform candidate within mz_tolerance=max(10.0 ppm,0.01 Da) and rt_tolerance=0.3 min."
UC vs nonIBD,HILn_QI30845,,,,573.4898,2.8,,0.09194147300161774,,,,,,,,unmatched,not_applicable,no,feature_absent_in_ST001000,no,False,<PROJECT_ROOT>\Trajectory Modeling\IBD_EMSA_v1\IBD_EMSA_v1_model_coefficients_or_loadings.csv,,"No same-platform candidate within mz_tolerance=max(10.0 ppm,0.01 Da) and rt_tolerance=0.3 min."
UC vs nonIBD,HILp_QI13176,,,,455.188,5.83,,-0.09178637242032144,455.1867_5.95,455.1867_5.95,,,455.1867,5.95,,m/z_RT_adduct,medium,yes,,no,True,<PROJECT_ROOT>\Trajectory Modeling\IBD_EMSA_v1\IBD_EMSA_v1_model_coefficients_or_loadings.csv,<PROJECT_ROOT>\Data\外部验证数据\代谢组外部队列验证数据\ST001000\ST001000_metabolomics\ST001000_AN001878_Results.txt,unique_candidate; same-platform m/z/RT match; adduct unavailable locally; mz_tolerance_ppm=10.0; rt_tolerance_min=0.3
UC vs nonIBD,C18n_QI3871,,,,301.0468,0.74,,0.09127305929983431,,,,,,,,unmatched,not_applicable,no,feature_absent_in_ST001000,no,False,<PROJECT_ROOT>\Trajectory Modeling\IBD_EMSA_v1\IBD_EMSA_v1_model_coefficients_or_loadings.csv,,"No same-platform candidate within mz_tolerance=max(10.0 ppm,0.01 Da) and rt_tolerance=0.3 min."
UC vs nonIBD,HILp_QI6036,,,,245.0708,3.04,,0.090293950669769,,,,,,,,unmatched,not_applicable,no,feature_absent_in_ST001000,no,False,<PROJECT_ROOT>\Trajectory Modeling\IBD_EMSA_v1\IBD_EMSA_v1_model_coefficients_or_loadings.csv,,"No same-platform candidate within mz_tolerance=max(10.0 ppm,0.01 Da) and rt_tolerance=0.3 min."
UC vs nonIBD,HILp_QI1233,,,,136.0398,3.83,,0.08897912412608001,136.039_3.98,136.039_3.98,,,136.039,3.98,,m/z_RT_adduct,medium,yes,,no,True,<PROJECT_ROOT>\Trajectory Modeling\IBD_EMSA_v1\IBD_EMSA_v1_model_coefficients_or_loadings.csv,<PROJECT_ROOT>\Data\外部验证数据\代谢组外部队列验证数据\ST001000\ST001000_metabolomics\ST001000_AN001878_Results.txt,unique_candidate; same-platform m/z/RT match; adduct unavailable locally; mz_tolerance_ppm=10.0; rt_tolerance_min=0.3
UC vs nonIBD,HILp_QI12047,,,,408.2927,4.7,,0.08879198449086487,,,,,,,,unmatched,not_applicable,no,feature_absent_in_ST001000,no,False,<PROJECT_ROOT>\Trajectory Modeling\IBD_EMSA_v1\IBD_EMSA_v1_model_coefficients_or_loadings.csv,,"No same-platform candidate within mz_tolerance=max(10.0 ppm,0.01 Da) and rt_tolerance=0.3 min."
UC vs nonIBD,HILp_TF16,nicotinuric acid,HMDB03269,,181.0612,6.14,,0.08223043343220597,,,,,,,,unmatched,not_applicable,no,feature_absent_in_ST001000,no,False,<PROJECT_ROOT>\Trajectory Modeling\IBD_EMSA_v1\IBD_EMSA_v1_model_coefficients_or_loadings.csv,,"No same-platform candidate within mz_tolerance=max(10.0 ppm,0.01 Da) and rt_tolerance=0.3 min."
UC vs nonIBD,HILp_QI3932,,,,198.0754,4.07,,-0.08103188804913908,,,,,,,,unmatched,not_applicable,no,feature_absent_in_ST001000,no,False,<PROJECT_ROOT>\Trajectory Modeling\IBD_EMSA_v1\IBD_EMSA_v1_model_coefficients_or_loadings.csv,,"No same-platform candidate within mz_tolerance=max(10.0 ppm,0.01 Da) and rt_tolerance=0.3 min."
CD vs UC,HILp_QI12537,,,,428.325,1.65,,-0.1573454740020047,,,,,,,,unmatched,not_applicable,no,feature_absent_in_ST001000,no,False,<PROJECT_ROOT>\Trajectory Modeling\IBD_EMSA_v1\IBD_EMSA_v1_model_coefficients_or_loadings.csv,,"No same-platform candidate within mz_tolerance=max(10.0 ppm,0.01 Da) and rt_tolerance=0.3 min."
CD vs UC,HILp_QI1332,,,,137.0955,1.84,,0.125302444924495,,,,,,,,unmatched,not_applicable,no,feature_absent_in_ST001000,no,False,<PROJECT_ROOT>\Trajectory Modeling\IBD_EMSA_v1\IBD_EMSA_v1_model_coefficients_or_loadings.csv,,"No same-platform candidate within mz_tolerance=max(10.0 ppm,0.01 Da) and rt_tolerance=0.3 min."
CD vs UC,HILp_QI13573,,,,472.3069,2.9,,0.1241229005096145,,,,,,,,unmatched,not_applicable,no,feature_absent_in_ST001000,no,False,<PROJECT_ROOT>\Trajectory Modeling\IBD_EMSA_v1\IBD_EMSA_v1_model_coefficients_or_loadings.csv,,"No same-platform candidate within mz_tolerance=max(10.0 ppm,0.01 Da) and rt_tolerance=0.3 min."
CD vs UC,HILp_QI7038,atenolol,HMDB01924,,267.1707,6.8,,0.1218415497436125,,,,,,,,unmatched,not_applicable,no,feature_absent_in_ST001000,no,False,<PROJECT_ROOT>\Trajectory Modeling\IBD_EMSA_v1\IBD_EMSA_v1_model_coefficients_or_loadings.csv,,"No same-platform candidate within mz_tolerance=max(10.0 ppm,0.01 Da) and rt_tolerance=0.3 min."
CD vs UC,HILp_TF11,cytidine,HMDB00089,,244.0932,5.74,,0.1159596736363463,244.0918_5.83,244.0918_5.83,,,244.0918,5.83,,m/z_RT_adduct,medium,yes,,no,True,<PROJECT_ROOT>\Trajectory Modeling\IBD_EMSA_v1\IBD_EMSA_v1_model_coefficients_or_loadings.csv,<PROJECT_ROOT>\Data\外部验证数据\代谢组外部队列验证数据\ST001000\ST001000_metabolomics\ST001000_AN001878_Results.txt,unique_candidate; same-platform m/z/RT match; adduct unavailable locally; mz_tolerance_ppm=10.0; rt_tolerance_min=0.3
CD vs UC,HILp_QI12234,,,,416.2783,2.27,,-0.112107627144655,,,,,,,,unmatched,not_applicable,no,feature_absent_in_ST001000,no,False,<PROJECT_ROOT>\Trajectory Modeling\IBD_EMSA_v1\IBD_EMSA_v1_model_coefficients_or_loadings.csv,,"No same-platform candidate within mz_tolerance=max(10.0 ppm,0.01 Da) and rt_tolerance=0.3 min."
CD vs UC,HILp_QI21924,,,,620.5915,11.24,,0.1092521809494427,,,,,,,,unmatched,not_applicable,no,feature_absent_in_ST001000,no,False,<PROJECT_ROOT>\Trajectory Modeling\IBD_EMSA_v1\IBD_EMSA_v1_model_coefficients_or_loadings.csv,,"No same-platform candidate within mz_tolerance=max(10.0 ppm,0.01 Da) and rt_tolerance=0.3 min."
CD vs UC,HILn_QI13223,,,,189.0407,8.61,,-0.1083154102441295,,,,,,,,unmatched,not_applicable,no,feature_absent_in_ST001000,no,False,<PROJECT_ROOT>\Trajectory Modeling\IBD_EMSA_v1\IBD_EMSA_v1_model_coefficients_or_loadings.csv,,"No same-platform candidate within mz_tolerance=max(10.0 ppm,0.01 Da) and rt_tolerance=0.3 min."
CD vs UC,HILp_QI19277,,,,581.6227,11.11,,0.1069092142874913,,,,,,,,unmatched,not_applicable,no,feature_absent_in_ST001000,no,False,<PROJECT_ROOT>\Trajectory Modeling\IBD_EMSA_v1\IBD_EMSA_v1_model_coefficients_or_loadings.csv,,"No same-platform candidate within mz_tolerance=max(10.0 ppm,0.01 Da) and rt_tolerance=0.3 min."
CD vs UC,C8p_QI12386,,,,502.2949,3.41,,-0.1051524013899268,,,,,,,,unmatched,not_applicable,no,feature_absent_in_ST001000,no,False,<PROJECT_ROOT>\Trajectory Modeling\IBD_EMSA_v1\IBD_EMSA_v1_model_coefficients_or_loadings.csv,,"No same-platform candidate within mz_tolerance=max(10.0 ppm,0.01 Da) and rt_tolerance=0.3 min."
CD vs UC,HILp_QI18781,,,,574.8001,7.78,,0.1045806515277072,,,,,,,,unmatched,not_applicable,no,feature_absent_in_ST001000,no,False,<PROJECT_ROOT>\Trajectory Modeling\IBD_EMSA_v1\IBD_EMSA_v1_model_coefficients_or_loadings.csv,,"No same-platform candidate within mz_tolerance=max(10.0 ppm,0.01 Da) and rt_tolerance=0.3 min."
CD vs UC,C8p_QI14379,,,,539.2258,3.4,,0.1029626900906011,,,,,,,,unmatched,not_applicable,no,feature_absent_in_ST001000,no,False,<PROJECT_ROOT>\Trajectory Modeling\IBD_EMSA_v1\IBD_EMSA_v1_model_coefficients_or_loadings.csv,,"No same-platform candidate within mz_tolerance=max(10.0 ppm,0.01 Da) and rt_tolerance=0.3 min."
CD vs UC,HILp_QI24491,,,,710.6129,1.52,,-0.1027147827443791,,,,,,,,unmatched,not_applicable,no,feature_absent_in_ST001000,no,False,<PROJECT_ROOT>\Trajectory Modeling\IBD_EMSA_v1\IBD_EMSA_v1_model_coefficients_or_loadings.csv,,"No same-platform candidate within mz_tolerance=max(10.0 ppm,0.01 Da) and rt_tolerance=0.3 min."
CD vs UC,HILn_QI30845,,,,573.4898,2.8,,0.1025600308154784,,,,,,,,unmatched,not_applicable,no,feature_absent_in_ST001000,no,False,<PROJECT_ROOT>\Trajectory Modeling\IBD_EMSA_v1\IBD_EMSA_v1_model_coefficients_or_loadings.csv,,"No same-platform candidate within mz_tolerance=max(10.0 ppm,0.01 Da) and rt_tolerance=0.3 min."
CD vs UC,HILp_QI22007,,,,621.3087,1.6,,0.1023169039392106,,,,,,,,unmatched,not_applicable,no,feature_absent_in_ST001000,no,False,<PROJECT_ROOT>\Trajectory Modeling\IBD_EMSA_v1\IBD_EMSA_v1_model_coefficients_or_loadings.csv,,"No same-platform candidate within mz_tolerance=max(10.0 ppm,0.01 Da) and rt_tolerance=0.3 min."
CD vs UC,HILn_QI28647,,,,247.0414,5.3,,0.1004414102028398,,,,,,,,unmatched,not_applicable,no,feature_absent_in_ST001000,no,False,<PROJECT_ROOT>\Trajectory Modeling\IBD_EMSA_v1\IBD_EMSA_v1_model_coefficients_or_loadings.csv,,"No same-platform candidate within mz_tolerance=max(10.0 ppm,0.01 Da) and rt_tolerance=0.3 min."
CD vs UC,HILp_QI23185,,,,656.4145,8.86,,0.09897200983983806,,,,,,,,unmatched,not_applicable,no,feature_absent_in_ST001000,no,False,<PROJECT_ROOT>\Trajectory Modeling\IBD_EMSA_v1\IBD_EMSA_v1_model_coefficients_or_loadings.csv,,"No same-platform candidate within mz_tolerance=max(10.0 ppm,0.01 Da) and rt_tolerance=0.3 min."
CD vs UC,HILp_QI20373,,,,593.9739,9.14,,0.09876827362924756,,,,,,,,unmatched,not_applicable,no,feature_absent_in_ST001000,no,False,<PROJECT_ROOT>\Trajectory Modeling\IBD_EMSA_v1\IBD_EMSA_v1_model_coefficients_or_loadings.csv,,"No same-platform candidate within mz_tolerance=max(10.0 ppm,0.01 Da) and rt_tolerance=0.3 min."
CD vs UC,HILp_QI23183,,,,656.2747,11.16,,0.09866424978181804,,,,,,,,unmatched,not_applicable,no,feature_absent_in_ST001000,no,False,<PROJECT_ROOT>\Trajectory Modeling\IBD_EMSA_v1\IBD_EMSA_v1_model_coefficients_or_loadings.csv,,"No same-platform candidate within mz_tolerance=max(10.0 ppm,0.01 Da) and rt_tolerance=0.3 min."
CD vs UC,HILp_QI19298,,,,581.6232,9.48,,0.09852554372486573,,,,,,,,unmatched,not_applicable,no,feature_absent_in_ST001000,no,False,<PROJECT_ROOT>\Trajectory Modeling\IBD_EMSA_v1\IBD_EMSA_v1_model_coefficients_or_loadings.csv,,"No same-platform candidate within mz_tolerance=max(10.0 ppm,0.01 Da) and rt_tolerance=0.3 min."
CD vs UC,HILp_QI21566,,,,612.2518,8.6,,-0.09744595548315294,,,,,,,,unmatched,not_applicable,no,feature_absent_in_ST001000,no,False,<PROJECT_ROOT>\Trajectory Modeling\IBD_EMSA_v1\IBD_EMSA_v1_model_coefficients_or_loadings.csv,,"No same-platform candidate within mz_tolerance=max(10.0 ppm,0.01 Da) and rt_tolerance=0.3 min."
CD vs UC,HILp_QI21942,,,,620.7915,11.63,,0.09609521965926567,,,,,,,,unmatched,not_applicable,no,feature_absent_in_ST001000,no,False,<PROJECT_ROOT>\Trajectory Modeling\IBD_EMSA_v1\IBD_EMSA_v1_model_coefficients_or_loadings.csv,,"No same-platform candidate within mz_tolerance=max(10.0 ppm,0.01 Da) and rt_tolerance=0.3 min."
CD vs UC,HILp_QI1048,metformin,HMDB01921,,130.1093,7.19,,0.0956748983079456,,,,,,,,unmatched,not_applicable,no,feature_absent_in_ST001000,no,False,<PROJECT_ROOT>\Trajectory Modeling\IBD_EMSA_v1\IBD_EMSA_v1_model_coefficients_or_loadings.csv,,"No same-platform candidate within mz_tolerance=max(10.0 ppm,0.01 Da) and rt_tolerance=0.3 min."
CD vs UC,HILp_QI9715,,,,327.1914,2.23,,0.09450918498270097,,,,,,,,unmatched,not_applicable,no,feature_absent_in_ST001000,no,False,<PROJECT_ROOT>\Trajectory Modeling\IBD_EMSA_v1\IBD_EMSA_v1_model_coefficients_or_loadings.csv,,"No same-platform candidate within mz_tolerance=max(10.0 ppm,0.01 Da) and rt_tolerance=0.3 min."
CD vs UC,HILp_QI16417,,,,542.3121,3.79,,0.09215375012192295,542.3094_3.74,542.3094_3.74,,,542.3094,3.74,,m/z_RT_adduct,medium,yes,,no,True,<PROJECT_ROOT>\Trajectory Modeling\IBD_EMSA_v1\IBD_EMSA_v1_model_coefficients_or_loadings.csv,<PROJECT_ROOT>\Data\外部验证数据\代谢组外部队列验证数据\ST001000\ST001000_metabolomics\ST001000_AN001878_Results.txt,unique_candidate; same-platform m/z/RT match; adduct unavailable locally; mz_tolerance_ppm=10.0; rt_tolerance_min=0.3
